FrameNo.,Time,,X,Y,Z,,Intensity(Log)
1,,,55,-1.3,6,,23
2,,,50,-1.181818182,5.718181818,,21
3,,,45,-1.063636364,5.436363636,,24
4,,,40,-0.945454545,5.154545455,,22
5,,,35,-0.827272727,4.872727273,,23
6,,,30,-0.709090909,4.590909091,,22
7,,,25,-0.590909091,4.309090909,,24
8,,,20,-0.472727273,4.027272727,,22
9,,,15,-0.354545455,3.745454545,,23
10,,,10,-0.236363636,3.463636364,,21
11,,,5,-0.118181818,3.181818182,,23
12,,,0,0,2.9,,21
